train_loss,val_loss,train_acc,val_acc,epoch
0.5797633363200085,0.24617915368721047,0.7236607142857143,0.9,1
0.4864169070231063,0.22185875724806822,0.8200892857142857,0.9339285714285714,2
0.4234044243182455,0.3382880840386471,0.8459821428571429,0.8964285714285715,3
0.35295612237283164,0.3550849678348405,0.8794642857142857,0.8892857142857142,4
0.3432526642722743,0.4220816592828523,0.890625,0.8910714285714286,5
0.27476741703493257,0.42549554472044965,0.9107142857142857,0.9053571428571429,6
0.23175102227500508,0.33864742826329114,0.9303571428571429,0.9035714285714286,7
0.16015810242721013,0.47646337300930547,0.9473214285714285,0.9125,8
