Model,Accuracy,Precision,Recall,F1,ROC-AUC,PR-AUC,ECE
CNN,0.866015625,0.8437270726338958,0.8984375,0.8702232311766932,0.9470458984375,0.9474578608398342,0.4511907561020053
ViT,0.8953125,0.8787425149700598,0.9171875,0.8975535168195719,0.9328890991210936,0.9050667790344478,0.45226246350594007
Hybrid,0.9339285714285714,0.9293286219081273,0.9392857142857143,0.9342806394316163,0.9779974489795917,0.9754159718887805,0.45375113681490936
