Model,ECE,ECS,TPC,TrustScore
CNN,0.4511907561020053,0.4683516483516484,0.8129299413370541,0.6120592744969806
ViT,0.45226246350594007,0.4709521850698321,0.8400651188643536,0.6217897485299646
Hybrid,0.45375113681490936,0.535596903096903,0.7803429018187289,0.6223256894914257
